{"sections":{"home-slideshow-1":{"type":"home-slideshow","blocks":{"5ad53ad2-b96c-4ed8-a367-0589fc71e71f":{"type":"feature","disabled":true,"settings":{"image":"shopify:\/\/shop_images\/Banner-influencers_11c6006f-8174-415e-b890-15043794c888.jpg","content-alignment":"center","title-heading":"Discover the coffee you've been seeking","text-above":"Does your coffee leave you feeling ready to take on the day?","text-below":"Mornings are better with Verena Street","url":"shopify:\/\/collections\/coffee","text-color":"#000000","text-shadow":false}},"e1f3a795-c060-4dbd-98e5-c19449a00461":{"type":"feature","disabled":true,"settings":{"image":"shopify:\/\/shop_images\/Winterbanner2.jpg","content-alignment":"center","title-heading":"Discover the coffee you've been seeking","text-above":"Does your coffee leave you feeling ready to take on the day?","text-below":"Mornings are better with Verena Street","url":"shopify:\/\/collections\/coffee","text-color":"#420000","text-shadow":true}},"47a961cc-ffdb-47b8-bd7a-273cec960939":{"type":"feature","settings":{"image":"shopify:\/\/shop_images\/PotteryMugs25off.jpg","content-alignment":"center","title-heading":"25% off Pottery Mugs","text-above":"Custom handmade stoneware on sale","text-below":"Safe for the microwave, dishwasher, oven and freezer!","url":"shopify:\/\/collections\/pottery-mugs","text-color":"#5a0202","text-shadow":true}}},"block_order":["5ad53ad2-b96c-4ed8-a367-0589fc71e71f","e1f3a795-c060-4dbd-98e5-c19449a00461","47a961cc-ffdb-47b8-bd7a-273cec960939"],"settings":{"title":"","border":false,"layout":"full-width","transition":"transition-fade","autoplay_enable":false,"autoplay_delay":4}},"d9f97b96-5ca5-4cd8-b907-ac203d6fd644":{"type":"home-image-with-text","disabled":true,"settings":{"title":"","border":false,"image_title":"Last-minute gifts for the coffee lover","caption":"<p><\/p><p><a href=\"\/products\/gift-card\" title=\"Gift Cards\">*  Digital Gift Cards<\/a> - can be emailed or printed. <\/p><p><\/p><p><a href=\"\/pages\/gift-subscriptions\" title=\"Gift Subscriptions\">* Gift Subscriptions<\/a> - ship immediately upon order, then repeat every month for 3, 6 or 12 months.<\/p>","image":"shopify:\/\/shop_images\/e38bd83af578077b65a31424bd24d085.png","image-alignment":"right"}},"887b95a8-ec0c-4286-9432-45f928647ce8":{"type":"home-image-with-text","settings":{"title":"","border":false,"image_title":"Free seasonal coffee with $50 purchase","caption":"<p><a href=\"\/collections\/seasonal-coffee\" title=\"Seasonal Coffee\"><strong>Spend $50, get a free 10oz Pumpkin Smasher or Stocking Stuffer coffee!<\/strong><\/a><strong> <\/strong>Add either item to the cart after reaching $50 to automatically receive the discount during checkout. <em>While supplies last. <\/em><\/p>","image":"shopify:\/\/shop_images\/SeasonalCoffee.jpg","image-alignment":"right"}},"home-image-with-text-1":{"type":"home-image-with-text","settings":{"title":"","border":false,"image_title":"Subscribe & Save 15%","caption":"<p>Select your coffee and how often you'd like to receive it. Cancel any time with a few clicks. Enjoy fresh, high-quality and affordable craft roasted coffee with no hassle and no commitment.<\/p><p><a href=\"\/pages\/ongoing-subscriptions\" target=\"_blank\" title=\"Ongoing Subscriptions\">LEARN MORE<\/a><\/p>","image":"shopify:\/\/shop_images\/Untitled-1b.jpg","image-alignment":"left"}},"16460551846f9d0813":{"type":"home-collection-list","blocks":{"1646055184eb831e1f-0":{"type":"feature","settings":{"collection":"coffee","text-shadow":false,"text-color":"light"}},"1646055184eb831e1f-1":{"type":"feature","settings":{"collection":"merchandise","text-shadow":false,"text-color":"light"}},"1646055184eb831e1f-2":{"type":"feature","settings":{"collection":"iowa-native","text-shadow":false,"text-color":"light"}}},"block_order":["1646055184eb831e1f-0","1646055184eb831e1f-1","1646055184eb831e1f-2"],"settings":{"title":"","border":false}},"1646055787572c4822":{"type":"home-slideshow","blocks":{"164605578760c9d340-0":{"type":"feature","settings":{"image":"shopify:\/\/shop_images\/Web_quote_banners-01_753ed421-7017-41b8-9cc0-1b6aa8ee7254.jpg","content-alignment":"center","title-heading":"","text-above":"","text-below":"","url":"","text-color":"#000000","text-shadow":true}},"164605578760c9d340-1":{"type":"feature","settings":{"image":"shopify:\/\/shop_images\/Web_quote_banners-02_8e5d2319-46eb-41a0-9384-1c4953feb254.jpg","content-alignment":"center","title-heading":"","text-above":"","text-below":"","url":"","text-color":"#ffffff","text-shadow":false}},"6aac1d3e-62f8-404e-9384-f36a0c32e140":{"type":"feature","settings":{"image":"shopify:\/\/shop_images\/Web_quote_banners-03_33c208c8-7ea0-4d7a-8ba4-f0e13035d0b1.jpg","content-alignment":"center","title-heading":"","text-above":"","text-below":"","url":"","text-color":"#ffffff","text-shadow":false}}},"block_order":["164605578760c9d340-0","164605578760c9d340-1","6aac1d3e-62f8-404e-9384-f36a0c32e140"],"settings":{"title":"","border":false,"layout":"full-width","transition":"transition-fade","autoplay_enable":true,"autoplay_delay":4}},"16460559034ce1794b":{"type":"home-slideshow","blocks":{"1646055903930f8bee-0":{"type":"feature","settings":{"image":"shopify:\/\/shop_images\/Roaster_24e2a657-0490-42be-8367-3460d8df97e8.jpg","content-alignment":"center","title-heading":"Are you tired of bitter, boring coffee?","text-above":"We blend beans of different origins for unrivaled flavor profiles","text-below":"Try coffee that is never too light or sour and never too dark or bitter","url":"shopify:\/\/pages\/about-our-coffee","text-color":"#000000","text-shadow":false}}},"block_order":["1646055903930f8bee-0"],"settings":{"title":"","border":false,"layout":"full-width","transition":"transition-fade","autoplay_enable":false,"autoplay_delay":4}},"1646056103d12a82e8":{"type":"home-slideshow","blocks":{"164605610349620fe1-0":{"type":"feature","settings":{"image":"shopify:\/\/shop_images\/Web_banners_stores-01.jpg","content-alignment":"center","title-heading":"","text-above":"","text-below":"","url":"shopify:\/\/pages\/sca-store-locator","text-color":"#ffffff","text-shadow":false}},"164605610349620fe1-1":{"type":"feature","settings":{"image":"shopify:\/\/shop_images\/Web_banners_stores-02-02.jpg","content-alignment":"center","title-heading":"","text-above":"","text-below":"","url":"","text-color":"#ffffff","text-shadow":false}},"fe64608a-0e65-46a7-8430-e2ac6bb06d2a":{"type":"feature","settings":{"image":"shopify:\/\/shop_images\/Web_banners_stores-03_959a98a1-9e67-4b31-8edc-82f41ae2c417.jpg","content-alignment":"center","title-heading":"","text-above":"","text-below":"","url":"","text-color":"#ffffff","text-shadow":false}}},"block_order":["164605610349620fe1-0","164605610349620fe1-1","fe64608a-0e65-46a7-8430-e2ac6bb06d2a"],"settings":{"title":"WHERE TO FIND US","border":false,"layout":"content-width","transition":"transition-slide","autoplay_enable":true,"autoplay_delay":4}},"1646056495cc26a763":{"type":"apps","blocks":{"32a933e8-17ce-43ab-afc4-b032a65e0834":{"type":"shopify:\/\/apps\/instafeed-instagram-feed\/blocks\/app-block\/c447db20-095d-4a10-9725-b5977662c9d5","settings":{"heading_size":24,"feed_width":100,"html_area":""}}},"block_order":["32a933e8-17ce-43ab-afc4-b032a65e0834"],"settings":{}}},"order":["home-slideshow-1","d9f97b96-5ca5-4cd8-b907-ac203d6fd644","887b95a8-ec0c-4286-9432-45f928647ce8","home-image-with-text-1","16460551846f9d0813","1646055787572c4822","16460559034ce1794b","1646056103d12a82e8","1646056495cc26a763"]}