{"sections":{"1675095802721506d9":{"type":"apps","blocks":{"f193ef89-b39e-4980-b478-4d49c005b298":{"type":"shopify:\/\/apps\/product-reviews\/blocks\/star_rating\/bae150af-8da8-48b2-9867-398188115e5f","settings":{"stars_fill_color":"#000000","star_size":15,"text_align":"center","product":"{{product}}","stars_text_empty":"No reviews"}}},"block_order":["f193ef89-b39e-4980-b478-4d49c005b298"],"settings":{}},"main":{"type":"page-product","settings":{"enable_product_quantity":true,"enable_send_to_cart":false,"show_spb":false,"product_column_layout":"two-column","enable_zoom":true,"gallery_enable_video_autoplay":true,"gallery_enable_video_looping":true}},"product-recommendations":{"type":"static-product-recommendations","settings":{"show_product_recommendations":true,"product_recommendations_heading":"You may also like","products_in_row":4}}},"order":["1675095802721506d9","main","product-recommendations"]}