{"current":{"favicon":"shopify:\/\/shop_images\/Verena_St_Logo_square_png-01.png","icon_stroke_width":"normal","main-background-image":"","color_background":"#ffffff","color_text":"#000000","color_accent":"#822e2d","color_heading":"#000000","color_caption":"#822e2d","color_error":"#d60000","color_border":"#e5e5e5","color_button_primary_background":"#822e2d","color_button_primary_text":"#ffffff","color_button_secondary_background":"#b7bcc2","color_button_secondary_text":"#ffffff","color_button_secondary_border":"#ffffff","color_input_text":"#777777","color_input_background":"#ffffff","color_input_border":"#d0d0d0","color_header_background":"#ffffff","color_header_text":"#000000","font_size_base":16,"font_body":"roboto_n4","font_menu":"avenir_next_n5","font_menu_capitalize":false,"font_menu_spacing":0,"font_heading":"fjalla_one_n4","font_heading_capitalize":false,"font_heading_spacing":0,"font_caption":"avenir_next_n5","font_caption_capitalize":true,"font_caption_spacing":8,"font_button":"archivo_narrow_n7","font_button_capitalize":true,"font_button_spacing":10,"enable-sidebar":"not-home","sidebar-link-list-1":"coffee","sidebar-link-list-2":"merchandise","sidebar-link-list-3":"subscriptions","enable_cart_redirection":false,"product_text_style":"under","product_image_flip":false,"social-facebook-url":"https:\/\/www.facebook.com\/VerenaStreet\/","social-twitter-url":"https:\/\/twitter.com\/Verena_Street","social-pinterest-url":"https:\/\/www.pinterest.com\/verenastreet\/","social-instagram-url":"https:\/\/www.instagram.com\/VerenaStreet\/","social-kickstarter-url":"","social-vimeo-url":"","social-youtube-url":"https:\/\/www.youtube.com\/channel\/UCv21GPJHExguN5alVomwSVA?view_as=subscriber","social-email-address":"mailto:support@verenastreet.com","social-rss-url":"","blog-show-share-buttons":true,"share-widget-facebook":false,"share-widget-twitter":false,"share-widget-pinterest":false,"share-widget-fancy":false,"share-widget-email":false,"checkout_header_image":"shopify:\/\/shop_images\/Website-checkout-banner-with-phone-and-guarantee_e72ea6dc-e97e-4183-88d3-afc84ed9ad23.jpg","checkout_logo_image":"shopify:\/\/shop_images\/Verena_Street_logo.png","checkout_logo_position":"center","checkout_logo_size":"large","checkout_body_background_image":"","checkout_body_background_color":"#fff","checkout_input_background_color_mode":"white","checkout_sidebar_background_image":"","checkout_sidebar_background_color":"#fafafa","checkout_heading_font":"-apple-system, BlinkMacSystemFont, 'Segoe UI', Roboto, Helvetica, Arial, sans-serif, 'Apple Color Emoji', 'Segoe UI Emoji', 'Segoe UI Symbol'","checkout_body_font":"-apple-system, BlinkMacSystemFont, 'Segoe UI', Roboto, Helvetica, Arial, sans-serif, 'Apple Color Emoji', 'Segoe UI Emoji', 'Segoe UI Symbol'","checkout_accent_color":"#197bbd","checkout_button_color":"#197bbd","checkout_error_color":"#e32c2b","product-show-share-buttons":false,"social_default_image":"","enable_currency_converter":true,"currency_display_format":"money_with_currency_format","currency_converter_currencies":"INR GBP CAD USD AUD EUR JPY","currency_converter_default":"USD","background-color":"#ffffff","body-text-color":"#565656","accent-color":"#822e2d","heading-color":"#000000","meta-color":"#822e2d","error-color":"#d60000","border-color":"#e5e5e5","primary-button-background":"#822e2d","primary-button-color":"#ffffff","secondary-button-background":"#b7bcc2","secondary-button-color":"#ffffff","disabled-button-background":"#cccccc","disabled-button-color":"#888888","header-text-color":"#000000","header-promo-background-color":"#822e2d","header-promo-text-color":"#ffffff","header-promo-link-color":"#000000","footer-text-color":"#000000","font_logo":"roboto_n7","store-title-font-small-caps":false,"heading-font-small-caps":false,"font_section":"roboto_n4","font_meta":"archivo_narrow_n4","button-font-small-caps":true,"social-google-url":"","share-widget-google-plus":false,"currency-switcher-format":"money_format","currency-switcher-supported-currencies":"CAD USD","blog-show-author":false,"blog-show-tags":true,"blog-show-rss-icon":true,"blog-show-comment-count":true,"sections":{"promotions":{"type":"promotions","settings":{"title":"","border":false}},"footer":{"type":"footer","blocks":{"footer-1":{"type":"menus","settings":{"footer-link-list-1":"footer","footer-link-list-2":"support"}},"footer-2":{"type":"connect","settings":{"title":"Connect with us","show-mailing-list":true,"show-social-links":true}},"ab64bd6e-8fd0-4fbb-b8a8-357031ef8319":{"type":"featured-content","settings":{"title":"Need help?","footer-text-box":"<p>Give us a call Monday-Friday 8am-4pm (CT)<br\/>  (888) 903-1115. <br\/><br\/><\/p>"}}},"block_order":["footer-1","footer-2","ab64bd6e-8fd0-4fbb-b8a8-357031ef8319"],"settings":{"show-payment-options":true,"show_locale_selector":true,"show_currency_selector":true}},"page-collection":{"type":"page-collection","settings":{"product_grid_layout":"uniform","products_pagination_method":"standard-pagination","products_in_row":4,"rows":12,"show_featured_image":false,"collection_sorting":false,"collection_filtering":true,"collection_filter_link_list_1":"grind","collection_filter_link_list_2":"sort-by-roast","collection_filter_link_list_3":"type","stock_level_overlay":true,"stock_level_overlay_range":6}},"page-collections-list":{"type":"page-collections-list","settings":{"collections_in_row":3,"rows":10,"text_style":"overlay","show_descriptions":false}},"header":{"type":"header","settings":{"header-main-menu":"main-menu","layout":"inline","sticky":false,"justify_navigation":true,"show_border":true,"logo_desktop":"shopify:\/\/shop_images\/VS_logo_sq.png","center_logo_desktop":false,"logo_max_width_desktop":110,"logo_mobile":"shopify:\/\/shop_images\/VS_logo_sq.png","center_logo_mobile":true,"logo_max_width_mobile":55,"cart_icon":"shopping_cart","quantity_style":"number","enable_live_search":false,"search_results_layout":"comfortable","search_results_display":"products_pages_posts","search_quick_links":""}},"page-product":{"type":"page-product","settings":{"enable_product_quantity":true,"enable_send_to_cart":false,"show_spb":false,"product_column_layout":"two-column","enable_zoom":false}},"pxs-announcement-bar":{"type":"pxs-announcement-bar","settings":{"show_announcement":true,"announcement_home_only":false,"announcement_text":"$10 flat rate shipping -FREE DOMESTIC SHIPPING ON ORDERS $40+","announcement_text_mobile":"FREE SHIPPING W\/ $40 PURCHASE","announcement_link":"","announcement_color":"#ffffff","announcement_background":"#822e2d"}},"page-cart":{"type":"page-cart","settings":{"enable_checkout_lock_icon":false,"cart_special_instructions":true,"cart_shipping_calculator":false,"shipping_calculator_default_country":"United States"}},"1564692489694":{"type":"home-slideshow","blocks":{"1564692489694-0":{"type":"feature","disabled":true,"settings":{"image":"shopify:\/\/shop_images\/homepage2d.jpg","content-alignment":"left","title-heading":"15% off coffee subscriptions","text-above":"Never run out of coffee again","text-below":"","url":"shopify:\/\/pages\/ongoing-subscriptions","text-color":"#ffffff","text-shadow":true}},"c2beef6a-8936-4ddd-8a49-f5d7379df132":{"type":"feature","settings":{"image":"shopify:\/\/shop_images\/RFA_VS.jpg","content-alignment":"right","title-heading":"1st Subscription Order","text-above":"FREE SHIPPING with code SHIPFREE","text-below":"Cancel your subscription any time","url":"https:\/\/www.verenastreet.com\/pages\/ongoing-subscriptions","text-color":"#000000","text-shadow":false}}},"block_order":["1564692489694-0","c2beef6a-8936-4ddd-8a49-f5d7379df132"],"settings":{"title":"","border":false,"layout":"full-width","transition":"transition-fade","autoplay_enable":false,"autoplay_delay":4}},"1564693248755":{"type":"home-slideshow","blocks":{"1564693248755-0":{"type":"feature","settings":{"image":"shopify:\/\/shop_images\/Roaster_24e2a657-0490-42be-8367-3460d8df97e8.jpg","content-alignment":"center","title-heading":"Freshly Roasted in Dubuque, IA","text-above":"Artful blends for a unique flavor","text-below":"Discover the coffee you've been seeking","url":"shopify:\/\/collections\/coffee","text-color":"#000000","text-shadow":false}}},"block_order":["1564693248755-0"],"settings":{"title":"","border":false,"layout":"full-width","transition":"transition-fade","autoplay_enable":false,"autoplay_delay":4}},"static-product-recommendations":{"type":"static-product-recommendations","settings":{"show_product_recommendations":true,"product_recommendations_heading":"You may also like","products_in_row":4}},"1591629880668":{"type":"home-slideshow","disabled":true,"blocks":{"1591629880668-0":{"type":"feature","disabled":true,"settings":{"image":"shopify:\/\/shop_images\/Sunday_Drive_banner-01.jpg","content-alignment":"left","title-heading":"22% OFF DECAF","text-above":"Kicking caffeine in 2022?","text-below":"Swiss Water® Process","url":"https:\/\/www.verenastreet.com\/collections\/coffee\/decaf","text-color":"#ffffff","text-shadow":true}}},"block_order":["1591629880668-0"],"settings":{"title":"","border":false,"layout":"full-width","transition":"transition-fade","autoplay_enable":false,"autoplay_delay":4}},"1602002699783":{"type":"instafeed","settings":{"heading_size":22,"feed_width":100,"html_area":"<!-- -->"}},"162740919822461e97":{"type":"home-slideshow","blocks":{"162740919822461e97-0":{"type":"feature","settings":{"image":"shopify:\/\/shop_images\/Web_quote_banners-01_753ed421-7017-41b8-9cc0-1b6aa8ee7254.jpg","content-alignment":"center","title-heading":"","text-above":"","text-below":"","url":"","text-color":"#000000","text-shadow":true}},"162740919822461e97-1":{"type":"feature","settings":{"image":"shopify:\/\/shop_images\/Web_quote_banners-02_8e5d2319-46eb-41a0-9384-1c4953feb254.jpg","content-alignment":"center","title-heading":"","text-above":"","text-below":"","url":"","text-color":"#ffffff","text-shadow":false}},"b3af8755-301a-4dcc-a40c-c5494fc2add9":{"type":"feature","settings":{"image":"shopify:\/\/shop_images\/Web_quote_banners-03_33c208c8-7ea0-4d7a-8ba4-f0e13035d0b1.jpg","content-alignment":"center","title-heading":"","text-above":"","text-below":"","url":"","text-color":"#ffffff","text-shadow":false}}},"block_order":["162740919822461e97-0","162740919822461e97-1","b3af8755-301a-4dcc-a40c-c5494fc2add9"],"settings":{"title":"","border":false,"layout":"full-width","transition":"transition-fade","autoplay_enable":true,"autoplay_delay":4}},"16312070296621f787":{"type":"home-slideshow","blocks":{"16312070296621f787-0":{"type":"feature","settings":{"image":"shopify:\/\/shop_images\/Web_banners_stores-01.jpg","content-alignment":"center","title-heading":"","text-above":"","text-below":"","url":"shopify:\/\/pages\/sca-store-locator","text-color":"#ffffff","text-shadow":false}},"43897257-f46f-4881-9078-24e89cba28e6":{"type":"feature","settings":{"image":"shopify:\/\/shop_images\/Web_banners_stores-02-02.jpg","content-alignment":"center","title-heading":"","text-above":"","text-below":"","url":"","text-color":"#ffffff","text-shadow":false}},"529cb123-a84e-470d-8b3b-12c3872236f3":{"type":"feature","settings":{"image":"shopify:\/\/shop_images\/Web_banners_stores-03_959a98a1-9e67-4b31-8edc-82f41ae2c417.jpg","content-alignment":"center","title-heading":"","text-above":"","text-below":"","url":"shopify:\/\/pages\/sca-store-locator","text-color":"#ffffff","text-shadow":false}}},"block_order":["16312070296621f787-0","43897257-f46f-4881-9078-24e89cba28e6","529cb123-a84e-470d-8b3b-12c3872236f3"],"settings":{"title":"WHERE TO FIND US","border":false,"layout":"content-width","transition":"transition-slide","autoplay_enable":true,"autoplay_delay":4}},"1631288892f7e7c750":{"type":"home-collection-list","blocks":{"1631288892f7e7c750-0":{"type":"feature","settings":{"collection":"coffee","text-shadow":false,"text-color":"light"}},"1631288892f7e7c750-1":{"type":"feature","settings":{"collection":"merchandise","text-shadow":false,"text-color":"light"}},"1631288892f7e7c750-2":{"type":"feature","settings":{"collection":"iowa-native","text-shadow":false,"text-color":"light"}}},"block_order":["1631288892f7e7c750-0","1631288892f7e7c750-1","1631288892f7e7c750-2"],"settings":{"title":"","border":false}},"163128910922887ae0":{"type":"home-image-with-text","settings":{"title":"","border":false,"image_title":"Subscribe & Save 15%, plus free shipping with code SHIPFREE for a limited time!","caption":"<p>Select the coffee and choose how often you'd like to receive it. Cancel any time with just a few clicks.<\/p><p><a href=\"\/pages\/ongoing-subscriptions\" target=\"_blank\" title=\"Ongoing Subscriptions\">LEARN MORE<\/a><\/p>","image":"shopify:\/\/shop_images\/FAQs_vadovskyduo.jpg","image-alignment":"left"}}},"content_for_index":["1591629880668","1564692489694","163128910922887ae0","1631288892f7e7c750","162740919822461e97","1564693248755","16312070296621f787","1602002699783"],"blocks":{"13768625480086291342":{"type":"shopify:\/\/apps\/forms\/blocks\/forms\/8744a304-fcb1-4347-b211-bb6b4759a76a","disabled":true,"settings":{}}}},"presets":{"Cool":{"favicon":"","main-background-image":"","background-color":"#ffffff","body-text-color":"#777777","accent-color":"#466c7e","heading-color":"#3b4858","meta-color":"#3b4858","error-color":"#d60000","border-color":"#e5e5e5","primary-button-background":"#466c7e","primary-button-color":"#ffffff","secondary-button-background":"#b7bcc2","secondary-button-color":"#ffffff","disabled-button-background":"#cccccc","disabled-button-color":"#888888","header-text-color":"#3b4858","header-promo-background-color":"#232b36","header-promo-text-color":"#ffffff","header-promo-link-color":"#548196","footer-text-color":"#3b4858","font_body":"roboto_n4","font_logo":"roboto_n7","store-title-font-small-caps":false,"font_heading":"fjalla_one_n4","heading-font-small-caps":false,"font_section":"roboto_n4","font_meta":"archivo_narrow_n4","font_button":"archivo_narrow_n7","button-font-small-caps":true,"enable-sidebar":"not-home","sidebar-link-list-1":"main-menu","sidebar-link-list-2":"","sidebar-link-list-3":"","product_text_style":"under","product_image_flip":false,"social-facebook-url":"","social-twitter-url":"","social-google-url":"","social-pinterest-url":"","social-instagram-url":"","social-kickstarter-url":"","social-vimeo-url":"","social-youtube-url":"","social-email-address":"","social-rss-url":"","product-show-share-buttons":true,"blog-show-share-buttons":true,"share-widget-facebook":true,"share-widget-twitter":true,"share-widget-pinterest":true,"share-widget-fancy":true,"share-widget-google-plus":true,"share-widget-email":true,"enable_currency_converter":true,"currency-switcher-format":"money_format","currency-switcher-supported-currencies":"CAD USD","blog-show-author":false,"blog-show-tags":true,"blog-show-rss-icon":true,"blog-show-comment-count":true,"sections":{"promotions":{"type":"promotions","settings":{"title":"Promotions","border":false}},"home-featured-collection":{"type":"home-featured-collection","settings":{"title":"Featured collection","border":true,"collection":"","products_in_row":4,"rows":1,"product_image_flip":false}},"footer":{"type":"footer","blocks":{"footer-1":{"type":"menus","settings":{"footer-link-list-1":"footer","footer-link-list-2":""}},"footer-2":{"type":"connect","settings":{"show-mailing-list":true,"show-social-links":true}},"footer-3":{"type":"featured-content","settings":{}}},"block_order":["footer-1","footer-2","footer-3"],"settings":{"show-payment-options":true}},"page-collection":{"type":"page-collection","settings":{"product_grid_layout":"uniform","products_pagination_method":"standard-pagination","products_in_row":2,"rows":2,"show_featured_image":false,"collection_sorting":true,"collection_filtering":false,"collection_filter_link_list_1":"","collection_filter_link_list_2":"","collection_filter_link_list_3":"","stock_level_overlay":true,"stock_level_overlay_range":5}},"page-collections-list":{"type":"page-collections-list","settings":{"collections_in_row":1,"rows":6,"text_style":"overlay","show_descriptions":false}},"home-slideshow":{"type":"home-slideshow","blocks":{"home-slideshow-1":{"type":"feature","settings":{"image":"","content-alignment":"center","title-heading":"Slideshow","text-above":"","text-below":"Introduce customers to your shop with lifestyle imagery and product photography.","url":"","text-color":"#ffffff","text-shadow":true}},"home-slideshow-2":{"type":"feature","settings":{"image":"","content-alignment":"center","title-heading":"Slideshow","text-above":"","text-below":"Introduce customers to your shop with lifestyle imagery and product photography.","url":"","text-color":"#ffffff","text-shadow":true}},"home-slideshow-3":{"type":"feature","settings":{"image":"","content-alignment":"center","title-heading":"Slideshow","text-above":"","text-below":"Introduce customers to your shop with lifestyle imagery and product photography.","url":"","text-color":"#ffffff","text-shadow":true}}},"block_order":["home-slideshow-1","home-slideshow-2","home-slideshow-3"],"settings":{"title":"","border":false,"layout":"full-width","transition":"transition-fade","autoplay_enable":false,"autoplay_delay":4}},"header":{"type":"header","settings":{"header-main-menu":"main-menu"}},"home-collection-list":{"type":"home-collection-list","blocks":{"home-collection-list-1":{"type":"feature","settings":{"collection":"","text-shadow":true,"text-color":"light"}},"home-collection-list-2":{"type":"feature","settings":{"collection":"","text-shadow":true,"text-color":"light"}}},"block_order":["home-collection-list-1","home-collection-list-2"],"settings":{"title":"Collection list","border":true}},"home-featured-video":{"type":"home-featured-video","settings":{"title":"Featured video","border":true,"video_url":"","image":"","text-color":"light","video_title":"","button-text":"","video-url":""}},"page-product":{"type":"page-product","settings":{"enable_zoom":false,"enable_product_quantity":false,"show_spb":true,"product_column_layout":"two-column"}},"home-blog-posts":{"type":"home-blog-posts","settings":{"title":"Blog posts","border":true,"blog":""}},"pxs-announcement-bar":{"type":"pxs-announcement-bar","settings":{"show_announcement":false,"announcement_home_only":false,"announcement_text":"Call attention to a special discount, feature, or promotion here.","announcement_text_mobile":"Use less text on mobile!","announcement_link":"","announcement_color":"#ffffff","announcement_background":"#000000"}}},"content_for_index":["home-slideshow","home-collection-list","home-featured-collection","home-featured-video","home-blog-posts"]},"Bold":{"favicon":"","main-background-image":"","background-color":"#ffffff","body-text-color":"#555555","accent-color":"#000000","heading-color":"#303030","meta-color":"#000000","error-color":"#d60000","border-color":"#a7a7a7","primary-button-background":"#303030","primary-button-color":"#ffffff","secondary-button-background":"#e5e5e5","secondary-button-color":"#ffffff","disabled-button-background":"#cccccc","disabled-button-color":"#a7a7a7","header-text-color":"#303030","header-promo-background-color":"#000000","header-promo-text-color":"#ffffff","header-promo-link-color":"#ffffff","footer-text-color":"#303030","font_body":"pt_serif_n4","font_logo":"source_sans_pro_n7","store-title-font-small-caps":true,"font_heading":"pt_serif_n7","heading-font-small-caps":true,"font_section":"pt_serif_n4","font_meta":"open_sans_n4","font_button":"karla_n7","button-font-small-caps":true,"enable-sidebar":"all","sidebar-link-list-1":"","sidebar-link-list-2":"","sidebar-link-list-3":"","product_text_style":"under","product_image_flip":false,"social-facebook-url":"","social-twitter-url":"","social-google-url":"","social-pinterest-url":"","social-instagram-url":"","social-kickstarter-url":"","social-vimeo-url":"","social-youtube-url":"","social-email-address":"","social-rss-url":"","product-show-share-buttons":true,"blog-show-share-buttons":true,"share-widget-facebook":true,"share-widget-twitter":true,"share-widget-pinterest":true,"share-widget-fancy":true,"share-widget-google-plus":true,"share-widget-email":true,"enable_currency_converter":true,"currency-switcher-format":"money_format","currency-switcher-supported-currencies":"CAD USD","blog-show-author":false,"blog-show-tags":true,"blog-show-rss-icon":true,"blog-show-comment-count":true,"sections":{"promotions":{"type":"promotions","settings":{"title":"Promotions","border":false}},"home-featured-collection":{"type":"home-featured-collection","settings":{"title":"Featured collection","border":false,"collection":"","products_in_row":4,"rows":2,"product_image_flip":false}},"home-image-with-text":{"type":"home-image-with-text","settings":{"title":"Image with text","border":false,"image_title":"Rich text","caption":"<p>Use this section to welcome customers to your store, say a bit about your brand, or share news and seasonal promotions.<\/p>","image":"","image-alignment":"right"}},"footer":{"type":"footer","blocks":{"footer-1":{"type":"tweet","settings":{"twitter-retweets":false}},"footer-2":{"type":"connect","settings":{"show-mailing-list":true,"show-social-links":true}},"footer-3":{"type":"featured-content","settings":{}}},"block_order":["footer-1","footer-2","footer-3"],"settings":{"show-payment-options":true}},"page-collection":{"type":"page-collection","settings":{"product_grid_layout":"uniform","products_pagination_method":"standard-pagination","products_in_row":4,"rows":2,"show_featured_image":false,"collection_sorting":true,"collection_filtering":false,"collection_filter_link_list_1":"","collection_filter_link_list_2":"","collection_filter_link_list_3":"","stock_level_overlay":false,"stock_level_overlay_range":5}},"page-collections-list":{"type":"page-collections-list","settings":{"collections_in_row":1,"rows":6,"text_style":"under","show_descriptions":false}},"home-slideshow":{"type":"home-slideshow","blocks":{"home-slideshow-1":{"type":"feature","settings":{"image":"","content-alignment":"left","title-heading":"Slideshow","text-above":"","text-below":"Introduce customers to your shop with lifestyle imagery and product photography.","url":"","text-color":"#ffffff","text-shadow":true}}},"block_order":["home-slideshow-1"],"settings":{"title":"","border":false,"layout":"content-width","transition":"transition-fade","autoplay_enable":false,"autoplay_delay":4}},"header":{"type":"header","blocks":{"header-1":{"type":"feature","settings":{}}},"block_order":["header-1"],"settings":{"header-main-menu":"main-menu"}},"home-featured-video":{"type":"home-featured-video","settings":{"title":"Featured video","border":false,"video_url":"","image":"","text-color":"light","video_title":"","button-text":"","video-url":""}},"page-product":{"type":"page-product","settings":{"enable_zoom":true,"enable_product_quantity":false,"show_spb":true,"product_column_layout":"single-column"}},"home-blog-posts":{"type":"home-blog-posts","settings":{"title":"Blog posts","border":false,"blog":""}},"pxs-announcement-bar":{"type":"pxs-announcement-bar","settings":{"show_announcement":false,"announcement_home_only":false,"announcement_text":"Call attention to a special discount, feature, or promotion here.","announcement_text_mobile":"Use less text on mobile!","announcement_link":"","announcement_color":"#ffffff","announcement_background":"#000000"}}},"content_for_index":["home-slideshow","home-featured-collection","home-image-with-text","home-featured-video","home-blog-posts"]},"Warm":{"favicon":"","main-background-image":"","background-color":"#ffffff","body-text-color":"#6e4219","accent-color":"#5a3214","heading-color":"#ca5c43","meta-color":"#b3a394","error-color":"#d60000","border-color":"#e5e5e5","primary-button-background":"#ca5c43","primary-button-color":"#ffffff","secondary-button-background":"#b3a394","secondary-button-color":"#ffffff","disabled-button-background":"#cccccc","disabled-button-color":"#888888","header-text-color":"#5a3214","header-promo-background-color":"#000000","header-promo-text-color":"#ffffff","header-promo-link-color":"#ffffff","footer-text-color":"#5a3214","font_body":"bitter_n4","font_logo":"source_sans_pro_n7","store-title-font-small-caps":true,"font_heading":"bitter_n7","heading-font-small-caps":false,"font_section":"archivo_narrow_n4","font_meta":"archivo_narrow_n4","font_button":"crimson_text_n7","button-font-small-caps":true,"enable-sidebar":"not-home","sidebar-link-list-1":"","sidebar-link-list-2":"","sidebar-link-list-3":"","product_text_style":"under","product_image_flip":false,"social-facebook-url":"","social-twitter-url":"","social-google-url":"","social-pinterest-url":"","social-instagram-url":"","social-kickstarter-url":"","social-vimeo-url":"","social-youtube-url":"","social-email-address":"","social-rss-url":"","product-show-share-buttons":true,"blog-show-share-buttons":true,"share-widget-facebook":true,"share-widget-twitter":true,"share-widget-pinterest":true,"share-widget-fancy":true,"share-widget-google-plus":true,"share-widget-email":true,"enable_currency_converter":true,"currency-switcher-format":"money_format","currency-switcher-supported-currencies":"CAD USD","blog-show-author":false,"blog-show-tags":true,"blog-show-rss-icon":true,"blog-show-comment-count":true,"sections":{"promotions":{"type":"promotions","blocks":{"promotions-1":{"type":"feature","settings":{"image":"","url":""}},"promotions-2":{"type":"feature","settings":{"image":"","url":""}},"promotions-3":{"type":"feature","settings":{"image":"","url":""}}},"block_order":["promotions-1","promotions-2","promotions-3"],"settings":{"title":"Promotions","border":true}},"home-featured-collection":{"type":"home-featured-collection","settings":{"title":"Featured collection","border":false,"collection":"","products_in_row":4,"rows":1,"product_image_flip":false}},"footer":{"type":"footer","blocks":{"footer-1":{"type":"menus","settings":{"footer-link-list-1":"footer","footer-link-list-2":""}},"footer-2":{"type":"connect","settings":{"show-mailing-list":true,"show-social-links":true}},"footer-3":{"type":"featured-content","settings":{}}},"block_order":["footer-1","footer-2","footer-3"],"settings":{"show-payment-options":true}},"page-collection":{"type":"page-collection","settings":{"product_grid_layout":"uniform","products_pagination_method":"standard-pagination","products_in_row":3,"rows":2,"show_featured_image":false,"collection_sorting":true,"collection_filtering":false,"collection_filter_link_list_1":"","collection_filter_link_list_2":"","collection_filter_link_list_3":"","stock_level_overlay":false,"stock_level_overlay_range":5}},"home-slideshow":{"type":"home-slideshow","blocks":{"home-slideshow-1":{"type":"feature","settings":{"image":"","content-alignment":"center","title-heading":"Slideshow","text-above":"","text-below":"Introduce customers to your shop with lifestyle imagery and product photography.","url":"","text-color":"#ffffff","text-shadow":true}},"home-slideshow-2":{"type":"feature","settings":{"image":"","content-alignment":"center","title-heading":"Slideshow","text-above":"","text-below":"Introduce customers to your shop with lifestyle imagery and product photography.","url":"","text-color":"#ffffff","text-shadow":true}},"home-slideshow-3":{"type":"feature","settings":{"image":"","content-alignment":"center","title-heading":"Slideshow","text-above":"","text-below":"Introduce customers to your shop with lifestyle imagery and product photography.","url":"","text-color":"#ffffff","text-shadow":true}}},"block_order":["home-slideshow-1","home-slideshow-2","home-slideshow-3"],"settings":{"title":"","border":false,"layout":"content-width","transition":"transition-slide","autoplay_enable":false,"autoplay_delay":4}},"home-image-gallery":{"type":"home-image-gallery","blocks":{"home-image-gallery-1":{"type":"feature","settings":{"image":"","title":"Image with text","text-above":"Subheading","text-below":"Caption","url":"","text-color":"light","text-position":"center"}}},"block_order":["home-image-gallery-1"],"settings":{"title":"Image gallery","border":false,"text-shadow":true}},"header":{"type":"header","blocks":{"header-1":{"type":"feature","settings":{}}},"block_order":["header-1"],"settings":{"header-main-menu":"main-menu"}},"page-product":{"type":"page-product","settings":{"enable_zoom":true,"enable_product_quantity":false,"show_spb":true,"product_column_layout":"two-column"}},"home-collection-list":{"type":"home-collection-list","blocks":{"home-collection-list-1":{"type":"feature","settings":{"collection":"","text-shadow":true,"text-color":"light"}},"home-collection-list-2":{"type":"feature","settings":{"collection":"","text-shadow":true,"text-color":"light"}},"home-collection-list-3":{"type":"feature","settings":{"collection":"","text-shadow":true,"text-color":"light"}}},"block_order":["home-collection-list-1","home-collection-list-2","home-collection-list-3"],"settings":{"title":"Collection list","border":false}},"home-blog-posts":{"type":"home-blog-posts","settings":{"title":"Blog posts","border":false,"blog":""}},"pxs-announcement-bar":{"type":"pxs-announcement-bar","settings":{"show_announcement":false,"announcement_home_only":false,"announcement_text":"Call attention to a special discount, feature, or promotion here.","announcement_text_mobile":"Use less text on mobile!","announcement_link":"","announcement_color":"#ffffff","announcement_background":"#000000"}}},"content_for_index":["home-slideshow","home-collection-list","home-featured-collection","home-image-gallery","home-blog-posts"]}}}